Tip-Up	Жерлица	нет	left out by choice
Snare	Силок	нет	left out by choice
Bullet	Пуля	одна пуля бесполезна, свинец и гильзы уже есть	a single bullet is useless; scrap lead and casings already drop
Fishing Lure (Casing / Acorn / Wire)	Блёсны из гильзы / жёлудя / проволоки	крафтятся из того, что и так ловится	crafted from things that already drop
Prybar	Монтировка	бесполезна	useless
Magnifying Lens	Увеличительное стекло	больше одной за игру не нужно	one per game is enough
Mountaineering Rope	Альпинистская верёвка	бесполезна	useless
Car Battery	Автомобильный аккумулятор	тяжёлый, не пролезет в лунку	too heavy, won't fit through the hole
Fishing Bait	Наживка	под водой её съела бы рыба	fish would have eaten it
Salt	Соль (DLC)	растворилась бы	would dissolve
Hunting Rifle, Revolver	Охотничья винтовка, револьвер	слишком сильные	too strong
Handheld Shortwave, notes, keys, polaroids	Рация, сюжетные предметы	сюжетные	story items
Cooking Oil	Растительное масло (DLC)	легко сделать самому, всегда в избытке	easy to make, always plenty
Airline Food (Chicken / Vegetarian)	Бортовое питание	не выбрано	not chosen
Crampons	Кошки	не выбрано	not chosen
Miner's Flashlight	Шахтёрский фонарь (DLC)	не выбрано	not chosen
Hardhat, Miner's Jacket, Miner's Pants, Chemical Boots, Foreman's Tool Belt	Одежда шахтёра (DLC)	не выбрано	not chosen
Camera	Фотоаппарат (DLC)	не выбрано	not chosen
Respirator	Респиратор (DLC)	ключевой сюжетный предмет Tales	key story item of Tales
Dried Apples, Cereal	Сушёные яблоки, хлопья (DLC)	бумажная упаковка размокнет	paper packaging would be soaked through
Ptarmigan Down	Пух куропатки	перья убраны	feathers are left out
Bedroll	Спальник	большой, не пролезет в лунку	too big for the hole
Pickled Eggs / Onions, Canned Peas and Carrots	Маринованные яйца / лук, горошек с морковью	похоже на вырезанный контент	looks like cut content
